Pr1,1.200.9-755-50.10-5.37x-1-577-700-280-1-7-260.1c-280-25ay-65b-1-356a.3a-77?-3a?-306.3a-56-4-280-200.48-256a-755b.3a-734a?.3a?-306.3a-1.9:5-6.74f-254?-4?.64a?-???????-5j-246.9-244-9a:244-59x-204?.74f-79b-700-123-1-5j.52-600a-123-4-123-630?*
Pr2,66-4-74c-6.4-66-22cf.344-21e-1.63-70a-202s-382y-382-2Vaxy-70-202a-202-50.50-2e-431-65-1-431-65-1-431-76y.244-430.430y?-2e?-431-99-721c-22-1.62-349-592-78?-6.74f-304.78-30cx-1a-78x-306s-300.52h-300s.52h-77a-460-65-204s-675c:600.700-670e-20-56a?-3a-204i-260a.1-62y.1.3a-70-60a-226-5j.244-711t*
Pr3,666-666-781-140-4.4-206a-558-65.3a-200.4-22cf-307-62y.6-1-62y.6-1t-62y.6-1t-20.64-202.3a-4.600a-600a.4-61y:42.3a-50.3a-95d.6-95dj.6.3a-27.3a-86a.3a-60a.3a-95d.3-247.95.3a-3a.205y-117d-450.10-551b.3a-600a-3a.420ay-381-117d-450.52-551.3a-606a.3a-386ay-480a.4.3a-99-7-605bs-752-6.74f-752-360.1.260-9b-5j-1-752-456f.3a-455f.8h-455f.3a.30ex-48.117a.71-10y.20y-62bfx-63bf-2a-44f-20y*
Pr4,204-109-73.6-109-37-5.37-52x.9x-43;8-600V-21.43x-43-600b-600a-400b-710t-20fy-244-50-710t-606a-1t.6-1.6.109a-50-755a-1.63-13b.6-65.6-721d-65-26-700e.6-200.70a-57a-40a-600a-200.70a-600a-200.15a-51a-10y.48-700.9-670b-81-306.3a-69a.65x-30c-60.52-74-60b.55ay-588-60a-1-60a-69a-162-200.200.200.52x-200-81-200.1-4.64a-44ax-4-49f-4-44ax-4.64a-202s-280-200.8*
Pr5,200.1-670a-208.4.64-200.5-2a-5-2a-41-220.9-220.9-440-440-440a-440a-20V-205-205-4.3ax-4.3ax-66c-65-65.3ax-66a.95aj-66a.3ax-66a.49f.66a-1-66a-22-22-66.9-66.6-554-15a-22f-386:8-110-15-22f-81.61-27-15-22cf-81.61-13-15-22cf-8.61-200-15-22cf-8-451-15a-22cf-5:8d-15a-22cf-8.6;15t-22cf-8-4.64a-15a-22cf-553-15a-22cf-67-15a.34c-200a.44ax-90-60a.36.200-4.4.7-2a-60a-93-70a-520-451?*
Pr6,8-1.82c-744-73.306-431d-200a-276i-1-382a-90af-382a-24a-381-300-330a.27.3a-326.76t-700g-386f-270j-67-470a-10.64a-88-430y-214-2-203-27b-90-545-74-376b-500-440-290-2a-40-50-214-214-1a-366.76t-200.200-91-326-214k-773e-446s-103-206.711-684c-520.9i-520.63h-45ft-530-40.522b.69-202y-83.530.71h-560a-4f.8ah-10.200-744-5j:548-381.10fh*
Pr7,306.3a-28-27.95j-302-46.52x-22bfy.343-5kt-99-11-7-4-600a-522b-606os-609a.63-600.1-1.95j.3a-600as.9-600a.22bfy-2a-144f-2a-662-680-5k.10-5k.52-22.243-1t-4.10x-381-22bf.346-600a.132a-77cy-206bky.90-16a-70-407-21h-95g-407-109h-522b-630b-20et.10-7-246.74f-445y-50.10-9b-21g-760-50-2a.760.52x-50-5j.10-4a.64.3a-9d-5j.64-7-95j-2c*
Pr8,50.10-8a-600-281.1.95j.3a-11-445sy.711-300-5-9-4-2a-400a-652ay-606b-403a-246k-308-400c.7-406s-1.10-1.64-7-34-64.670-200.74-522b-1-40a-372ay-380.61-232b-81a-739-70a-1a-154.246.242ai-606a-4.600ay-40.220iy.48af-430e-433-4-534c-593d-50c-24a-76y.276-76y.276-666y.10.64a.671a-710a-671a-102?-356b-205.20ehy-?*
Pr9,?-2a?-755a-47-200?-372-21t-20a.6y-214-1-405y.755.6-770e-60a-70a-61y.1.61-386-206s-91k-91j-381-65b.1-594-200.22-10.1-200-41-1-99-10.1-50-1.10-22-48a-2a-1-491a-522?-??*
Pr10,780?-600a.32a-53a-4.600a-290.7-400.32a-67-600a-600a-600a.4-430-300.700f-4-700f-600a-365-406a-365-400-21h-600.1.600a-198-47-67-700f-700f-20Va-710f-20cy-700f-1c-710f-700cx-700f-20Va-710f-402?-??*
Pr11,?-78y.245-1-1.10-664-699-699y-81a-280-280-1.69-2a-67.64ay?-67.22?-300-67-14a-315s?-1-710h:42.3a-400-306s?-773d?-9c?-9c?-599-67f?-451.64x-109t*
Pv1,??200-600-7-?.34?-1-91-5k-5j.10-144f-5.10-200-200-710-90-540y-450.540-2c:42-755-9-61y.9.61-734d.3a-734.3a-684b*
Pv2,382-48f-684d-7-600o-326-300.9-308-81a-301-205b-592-301-9:66a-208-20b-20by-4-21e-20bf-280-21d-27-600-209aj-600-48-21d.48-739-20-53ay-360.41-360.41-430d-47-575*
Pv3,575-4-578-70a-7-21d-95df-381-45-522-60a-301-60a-40a.3a-25b.300.9ch-2-474-445y-1-30c-30c-2Vd-431e-30dx-44y-48.81a-206cs-430b-600-27-700c-11-78y.308-34d-21d-21d-380.20by-385y-205y.1-381*
Pv4,65-554b?-311y?.48.210.600-600-27-700c-1-78y.308-34c-607.6h.78-57-34d-600a-290-600a-45f-256b-6-308-34c-216s-99c-446f-606s-34d-202y.65-222aj-44-69.55a-382-421a-95:549-88.62-200.700h.61h-739-40-140-356-301-4.64-4.64-209b-81a-50-450.52.240.69h-45af-27.290-81a-50-450-60a-200.736-209d-????*
Pv5,?-67.10-67c.10-107y.8a-431-234-431-461c-280-431-480b-475-431-67c-431-205y.81a-420y.52-2.10-10y.450.10-144f-9c-461d-81a-710x.69-344c-49.62-44ax-451-206d.346b.730.95hj.246-200.206d-522b-254-301-15a-301-200.1-200.63.?-215s-1.52-370y-20b.10-21e.10-144f-599e-44afx-702ax-81a-69.49f-137-300.451?-730?*
Pv6,600.209b-600-200.600.69h-200j.560.1-200.560a.70a-200-600.70a-214a-316-8a-421c-21e.10-21e.10-144f-599g-117afx-702x-81-589?-137a-69d-451b-206b-730b-209e-200.451c-56a-34c-700c-204sy-755ay-381-755a-381ay-6y-755a-132.74f-205y-316s-8a-21e.10-21e.10-144f-26x-6-700cx-81a-461a-589a-49f-137-69b-440y-200.736-206-385-600.755-1-608o-600*
Pv7,730.1-90-230.81a-21e.10-21e.63-44ax-739-200.49f.10-200.49f.400y-3a.3a-200.710ax-45-4-45-4.52-45-4-200.50d-1-200.50d-1.200.50d-22bfy-200.50d-22bfy.242a-4-45-711Va-43h:246ak.45.711Va-381y-205sy-81a-482a-21e.10-21e.10-144f-599g-45f-700x-81a-421a-49f-565.380y-200.440-280a-209g-280a-27af-203s.21et-9-710x-9c.74af-206-1f-206-1f-77b-464ay-78-78y-386.78-78y-386V.78-78-10y.1-700.61*
Pv8,700b.10-81a-22.52-2a.10-2a.10-144f-700x-669a-81a-20y.52-675b-4.64a-4.64a-10.6-431g-53ay-381b-53a-381c-53y-16-260.60a-450-209V-30cx-290-256b-46-710b-5j-4.64a-737a.52x-464b-381-252ak-2a-599g-77cy-570-55-45-280e-606a.711-280-606a.711-280-405.9j-669-48-669y-99b-48a-45b.277-45b-50-504?.3a-144f-20.3a-200-6x.3a-180f-464c-6.3a-360.50-360.244.711*
Pv9,226-95df-1-290k-256ai-450b.450b.600-669-74y-209-534.280a-3a.254j-10.1.254k-48-370-93h-2a-1.246-4.381by-74y-431g-280j-79-1.600a-2a.10.245-79-1.600a-133-2a.10.244.13hy-4-4-79-1.600a-381ay.2a.10-106-450-280-450-10.2a-326a-67-710bf-710bf-84-1-84-326a-734a.74-254c-604s-290-48.64a*
Pv10,599g-27-6-84-27.6-330.330.20y-332.450-233-381y-30g-473-10.65.61y-6.50-6.1-387-62y.1-34d-335-397s?.341-200.93j-401a.394asy-200.93j-608-22.200.60a-235sy-120-120y-5j-11.10-70a-670b-11.10-730-1-730y-1-40c-98-11.10-22bfy-22bfy-11.10-356c.76-17-19a-1.10-309-54?-380y?-54?-401y?-11.10-48-17-11.10-230iy?*
Pv11,324?.711?-34d?-46?-7?-1?-600?-205jy?.571?-56a?-205?.571?-56a?-730?.69h?-84?-200?.204?-11-65-69.10-2a.69-81?-22bfy?-22bfy?-22bfy?-600?-72?-2a?-2a?-205k?-200k?-116?-600a?-116?-600a?-200?.44?-67-460?-????-431?-116?-430?-25af?-??-22?-22a?-50-7?-144f-733a?-384.74f-224-22h-600-78-381y-384.78-376c-381y-7?-?*