Aa1,430!.040-320.009-320.009-440-440-440-440-445-695-004.120a-004.067-034c-060a.260-554a-022bf-551.061c-022bfy-552-022bfy-551-022bfy-301.082-022bfy-008a.451V-022bf-005:008a-022bfy-008a.006-022bfy-008a-004.064a-022bf-553-022bfy-065.003a-065.003a-065.095aj-065-065.074fx-065-001-065-022-065.450y-065.009-065.006y-004-004-004-007-002b-060a-093-070-200-394a-008a-001.008a-421.739-300-445-063a-384-015af-384-066ax-498V-025-301-027f-630.678-739ay.052x-067-655!-044ax-002-420-290.401!-658-200i.093i-670-711y.002-741-001.006y-376a-539!-734a!-000!-000!*
Aa2,201-027-103a:095bjt-087-022-190-539a.200i-300.440-131-050-442-530.071-073.064-678b-701b.076y-047-530-022.678b-539b-027-655.076y-301-021t-073.006-393-246a-073.006-033-066fx-093-061y.086.061-048-430b-090j-011-090j-070b-048-076-007-545-195a?.009-011-538-041b?-678b-530.001-021a-022bfy-011.670-099aj-144f-200-011-200-070a-144f-071c-047-011-200-025V-386-071b!-061b-306-280j-001V-160b-306.003a-028.006xy-093-302-045.006-022bf.243-005j-077.034V-522fy-011-007-004.600-741-626.074x-622-660-613-607o*
Aa3,600-060a.003a-461a-060a.003a-600-004.061c-600.004.064a-001.063-014-680a-011-741-700-001-005j-316a-631-600.075-600.007-316-631!-600.075-008a-600.007-316-631a-700-600.075-600.007-300.007-300.007-005i-007.074x-007-208.008-325-599b-011-002-206a-053y-470-207y-320.009-301-208-008a-256a-301-680-400o.004-093-144f-755-607o-201s-605s-234-605-585-605s-605s-385-006a-320.052-002-290-571a-197f-025-002-535.020ey-080-004-069.006-000!.000!*
Aa4,535s?-080-004-600.007-099a-025-535.020ey-254a.077a-256a-300.400-285as-025-280c-144f:042-048-022df-001-005j-575-004.575-579-579-583-583-074af.700.069-575.074af-745.009-507-737-599-430-001.006xy-430-001-745-001.077a.244-001.077a-001-010y.061-001.006-700-001-005j-660-002a.049f-005j-254aj-004-522afy-080-004-660-002a-005j-254a-608-004.660-073Vf-600.004-073Va-254aj-004.600-007.010.074f-109a.009-660-004-080a-208.007-002-005j-430-002a.208-064.074af-600-004-031-031-064.074-001.062.074a-040a-004.600-040a-004.600*
Aa5,745-745-001-005j-306s.108-079-002Vc-400-430b-002d-046-002d-050V-670a-600-755-451-360.005j-004.077a-305s-009-007-208-007-630c-745-608V-600-366-716-001-058-001-058-001-058-044ax.010f-001-200.200.011-002a-044ax-067-001f-126a-008a-011.010-002a-745-004-144f-741-091-181f-306s.003a-020efy-020efy-004-306.010-664-004-081x-117a-081x-254a!-254a-005j-004-081x-117a-081x-469-200.025.240.025.254-471-060a-527-008-600-446s-240.048.062-049f.477-048-091-091.009j.325a-001a-430a.004*
Aa6,630!.004x!-220j.005j-630b.004t-053a-420y-420-053a-770b-001.069-306-568-306.074f-330.700-321-117af!-017a-074x.050.010-631a-670b-207o-375a-007-045-001-016-209b-568a-085-476-050t-748-593aj-379.004-430.430y-002a-200.002a-097a-069a-097-069-097-387o-387ao-004-326-232a-226-200.600-300.004.064a-303-109t-420y-386V-246j-088f-300.432y-044b.340.044b-021a-004a-323-410.011-004a.064a-600-200.670-067a-386V-029-631b-070a-494a-739-002a-522f-720-450?-053y-700d-053y-070a-070a-311-011.077-700bx-524afs-041a-002Vc-022.200.091j-386V*
Aa7,000!:000!-048-022bf.025-025a.009:005j-202-431bf-020cfy-300.022f-002a-002a-305f.020ey-605.007-522Vfy-025a.009:005j-254.711-002a-002a-080-004a-025a.009j:005j-256.003a-386.710-002a-020by-080-004a-300.020ey-109t-025a.009:005j-735V:005j-021t-256b-097ax-386.711-002a-002a-080-004-280-182-048-022bf-025-025ay.009:005-009:005i.074hy-256b.711-002a-002a-080-004a-305fs.020ey-298o-290.025-022bf-025a.009:005j-254c.060a.711-020b-020by-080-004-280-182-048-022cfy-025-025a.009:005-256b-049f-020b-020by-080-004-280.025-025a.009:005j-302s-004a-001-020b-020by-006.001f.006-001bf.006-004t-001-002a.062a-003a-005-065.210.065-004-001-002a-003a-144f-139V*
Aa8,599-025a.009j:005jt-117b-070-205a-600-025ay.009:005t-386-011-025a.009:005jt-053a-730-007-056a-025a.009:005t-010y.710-053a-255j-211ai-215j.005j-242.001c-046a-004-094c.711-286a-021t-079-087a-022bfy-022bf-006V.008h-077ay.049f-001a-057a-025a.009:005t-010.007.734b-011t-431-748a-025a.009:005t-522y-253-025at-022f-029-090k.061-253-050.010-078ay-002a-254c-002a-254di-005j-380.050-002a-625.005j.010.003a-025a.009:005t-004-774-093f-774-020f-774b-004a-280d-093f-050-280a-606.711-025a.009:005-044-002a-001-090j-665-095b-093j-240.024-002a-631-600-593c-060a.002a-044b-020-746-001*
Ab1,079-005:042-005j-305.020ehy-600.007-290-025b-002a-080bx-004-001.009:005j-300.074fhx-007-280-059af.042-048-022bfy-025b-001-009a-360b.009h-672-005j.037x-005j.325-005.037x-001-009a:607-001.006-001.078-019.670-005j-746-001-009a:004.240.004y-700a-670c-001-009a-607.071tx-607-306.711-280-755-741-741-091-600-001.009:005-607-005j-305f.020ehy-615.711-280-755a-742-741-091-600-001-009a-660-660-305.020efhy-600.007-290-025b-306.711-290-755-420!-741-091-600-001-009a-607-306-711-000!-000!-000!*
Ab2,001!-009a-170-500-305f.020ehy-080-004-001.009:005t-300.088-144f-040a-165xy-046-059f-165xy-208.700x-057a.008h-001-009a-060a.003a-040a.003a-600-060a.003a-600-060a-003a-600f-666-600af-060a.003a-600-004-700a-670-004.064a-001-014-651-011-741-001.009:005t-306.003a-028.095x-300.074fy-021-001.010-022bfy.243-005jt-022bfy.243-001-006b-061x.001-732-004-005j-022bfy-066-741-022bfy-450-070-001-506.109b-007-566s-734.074hx-400.400s.009kh-605s-045-700-004-605-002a-660-600-603.022bfty-306-600.007-626-325.074x-001.074x-001.074x-053ay.074x-280c-007.095j-001.009:005t-216j-631*
Ab3,062.003a-605.003a-004-600.004.003a-040.003a-050.003a-093.003a-681-254k.003a-093f.003a-254.003a-093f.003a-741.003a-445.003a-719-450.052-741-008cx.003a-600.003a-040a.003a-050.003a-441s.003a-670.003a-099a-605s.003a-605s.003a-007-600-630es-752-212fs-752a-360c.001-599c-060a-739a-011.003a-739a.003a-600.003a-670.003a-736.003a-300.021h.306.021t-740.074hx-448.050t-736.003a-631-005j-447f.050t.044b.003a-046-044b-002e-046-044-005j-752a-489-048.044afx-206s-044ax-430-007-755a-256c-022bfy-022bfy-004.004-586-021t-730.074x-430-041-595y-022.590.022-070-600.022.009-022-070-772V-006*
Ab4,670-012a-631b-091-091-300.460y.004-487.004-756-004.004-040a.004-004.431c-381fy-022bfy-001.052-007-067a.010f-067a-470-001t-580c-001.052-008b.079a-598-001.003a-010y.599d-005j-066V-580c-001.052-022bf.243a-041.052x-061sy.001-001.003a-022bf.243f-029y.074a-006-017-697ao-207.520fhy-002a-053ay-074xy.007.095-001.052-680-065-600.065-600.065-001.052-450b-005-044-024a-667-144f-008-048-008a-001.052-003ax.255-256d-048a-280-001.052-326.003a-741.003a-280-048-003a.060a-739b-084-053ay-680-326.003a-736a.003a-736a.003a-700-022-700-001-005j-306*
Ab5,079.074-109-009fi-004.660-080-208f-007a-002-005j-002a-208f-605.003a-004-600.004-003a.040a-003a.050-093.003a-681i.003a-027.009.003a-095:060at.003a-095:060at.003a-741.003a-445.003a-719a-450.052-008.003a-605.003a-040a.003a-050.003a-670.003a-099-605.003a-007a-600-445-752-004-002-004-002-004-002-745.074hx-008cx-306s-700a-675a-739b.003a-002-739b-002-205-002-290-631b-002-666-631b-002-739b-700a-739b-006-090-746-431.144-014-002-002-123.123-001.006-771-040-008-006-326-001-008-600s.074hx-666-053ay.009-002*
Ab6,040a.009-002V-086-739b-700a-006-090!-430!-326!.003a-700a-739b-096.003a-741-430:042-741f:042-741f:042-742f-741-600-742-670.062-091-743f.053-741-053ay-745a.074hx-007.010-306s-005j-600-048a.062x-048a-048a.144-004.064-056.009-056-400-002.006y-002-002.006x-063.004-062y.001.450-430a-001.450-605-001.450-096-001.450-029y-451-074-451-074-096-451-006-044ax-001.053ay-070.037-070.052a-070.052a-070-002d-070.002d-300.002-002.069-093.010-002-002.010-005j-002-002.010.003a-002-002.010-300-390.045-001-280c-001-001a.009-290.096-001-770c-004-652-741-002-741-002-050-050*
Ab7,022!.670c.052x-660o-041-661o-001.009j:005t-390-022bfy-025b-001-009a-606.074af-004-600f-004ax.074a-450.074a-040-004-040-004-578.040a-666-741-001-296f.107x-079-002-430b-400V-002a-046-002a-050f-379.055ah-600-002d-755a-023-451-360b.005j-004.078-305-599-007-208f-007-631-742-742a-600V-360.718-360c.040-291-772-001.058t-001.058t-165xy-079.010f-079.052-001.009:005-212j-002Va-134-005j-060a-087-606.058-631-405-053ay-099-606s-745.008h-599-300.020bfy-020Vf-001-009-469a-200f.025b-324-453-060a-527a-000!-000!*
Ab8,000!-000!-025b-522fy!-008a.240k.008a-522fy-008a.240.008a-002d-300-631c-660-008a-400!-607.071aty.544a-048.062-048f.461a-048f-091-008a-091j.009j-001-009a-717-066a-361a-741-061ay.027-739b-006.773b.006y-600-144f-008-600-001-009a:044ax-002a-001.010-095c-093-755-038:004-067.027fx-040a-004.064a-005j-001.009:005t-254b-011-050f-005j-631b-022bfy-450-700a-450.246-002a-001-600.007-291.022bfy-025b.254di-001-046-004-094b-004.755a-004.600-461b-700c-134-002a-600f-001-630-004.631a-048-005j.631a-004.053ay-001.006y-770a*