a,14,b,14
1-9-755-50.10.37-005.37-45-1.208.69-700-290-600V-1-7-600-385y-001-280-1-226.74f-220.11-380.11-2-34-2-34V?-670.10?-606?-1-606?-370.50V-9*
47:5-206?-22t?-201-385.70-225-600-755-215?-770b-370.70-770b-73.6-201-070-91-91-74.62-594.61-70-83-7-61-380.1-067.22f-67.1*
380.1-22f-254.63-5t-380.1-22f-243-1t-4.52x-380.1-22f.254-29-74?-17-380.1-022f.252-252f-380.1-22f.254-50.10-79-380.1-286s.2-1-7-290*
31-31.3-5-200.66-4.760-65V-200.200.200-400-66-4-760-4-73f?-001-5-48f.1-5-10f.1-5-73f?-777-777-760-608-073f?-91-91-730-730*
?-5-1-?-1-073f?.73f?-91-730-730-22-22-41-2-1-36-550-22f-280-385y-385-38-7-600-1-214-700-700-700-408-700-1.214-042:009-81-81-5*
5-5-1.6-5f-2V?-2V?-002V?-1.6-381f-381f-381f-1.6-774.67.774?-70-600V-773-280-1.6-390.41-315y-41-670-8.78.711-40.10-40-030a-390.41-375-41*
40-40-40-40-40-40-390.41-378-041-670-8.78.711-40-74f.40-59f-40-390.41-378y-41h-670-8.78.711-44.40-40-143-152-600.390.41-378y-41-670y-8-078.711-40-40*
378y-041h-670-8.78.711-40-40-3.40-390.41-378y-41-670-8.78.711-600-40-40-40-40-40-390.41-378y-41-670-8.78.711-280-385y-385*
40-40-520-70-670-670-637-34V-017-325y-41-630-54-630-047-6.11-299-2-002-200-215.2-10.2-5-2-69-002-200.200.205*
2-2-52x.73f-384.2-481.2-73f?-70-760-040-6-400-47-72.2-072.2-10f.70-760-40-6-400-2-2-10f.70-760-040-6-430-47-2-290*
2-2-290-10f.70-760-040-6-400-47-2-2-2-290-2-10f.70-760-040-6-430-47-2-4-760-2-2-4-760-2-2-002-4.763-2-10f.70*
760-40-6-430y-047-222-2-47-060-10.8-326-275.8-60-70-50-060-28-60-383.94b-481-67-2-41-20f-60-67.75-67.64?-545*
49.6-49.6-670-306.3-226.3-206s-607-486.108-69.107-46-200.200.200.22f?-3.84.3-207.3-85.10f-67-060-200.?-520f-088*
?-?.1.63-1-670-3.22f.3-57-3.24.3-86.1-47-3-1-064-65f-86-1-380.1-290-1-290-20-290-95f-1-290-683-001-290*
1-280-5-1-3-57-001-3-1f-3.1.3-20.3-1.52-3.1-1.62-630-605.9-095-95-205-67-522-6.74?-311.71-670-2-95-755?-6-?-53?*
280-5-280.3-053-207-20f-41-380.1-67.10f-67-730-670-1-631-571-700-380.1-600.64-400-64-660y-64h-660-380.1-370-379.13-379.13*
?-1?.6-380.1-1.72-077-27.711-380.1-3.254-10?.430-254-97a-1-380.1-607-255-380.1-1.62f-1.8-1.62f-1.62fx-380.1-607-1.607*
607-380.1-90-1-007-53-380.1-605.700x-605.700x-605.700x-670-380.1-660.5-064h-660.5-64h-660.5-380.1-40-40-95:042-56-430-245?-3.255?.3*
9-431.9-190.3-665.52-94a-81-003.354.3-65-680-95-3.523.4-5-430-2-1-290-216.?-290.73-61.24.61-6.74f-523f-522f*
27-400-360y-360y-41-091-17-22?-6V-381-4-66-760.4-66-281-281-381-4-66-760.4-?-?-?-17-6V-381f-066-760-4-30b-381-11*
4-760-66-4.607-066-760-4-608y-004-760.4-2-95-66-760-004-27-66V-4.2-086-66V-760-4-275-296.3-86-390.8-300*
8-8-465.9-4-760-86-248-20V-4.3-4.3-671.3-99-4-2-4-002-70-95-1?-95-205-2.10-205-1t-2-700-69-006.74f-755-700*
22f-302-40-302-7-002-44?-660-77-?.3-077-?-2.?-2-60-2-060-2-60-730-002-10.2.69-2-5-2-208-546-410-95-95.95-445.2?*
480.2-483-2-480-002-665-667-107-59f.6-59f.8-59f.3.1-391.71-10.2-052x.66-4-760-6.10-3.305-4.600-3.40-3.50-095*
3.670-99-4-002-4-2-1-001-6.10.78-211-70-401y-40-522f-762-761-557-1h-000?-556-1h-700-215-003.?.3-2.62-420y-254-7*
95:060-53-700-1.62-3.70-060-460-247-5.244-730.69-3.215-4.400-040.3-3.50-670.3-99-7-67-22f-022-700-20-37.86-522f-?*
522f-22-700-20-1-86-522f-440-86-19-86-522f-7-20-670-40-40-40-044?.420y-?-22-50V-22.62.10-700-663-280-60-2-2-5-10.67-67?*
145-209-40-700-530.70-664-725-17-325-40-380-290-47-206.711.711-680-400-480-52x-460?-?*