r,9,v,8
40?-630?-4?-739-200.22-63-208.63y-200.6x.63-5.63y-40.300-41-300y-300.24-4.430-22.430y-206.63-86.63-722.63-40-300.40-300y-300.24-4.430-22.430y-201.63-61?.63.61?-63.61-63.61-40-40-300.28x-4.430-22*
203s-63-670-63-670-1.63-62.1.63-41-300-40-300.28x-4.430?-22.380y-203s-1-203-16-203-70t-63-118-40-300-40-300.28x-4.430-22.380y-203-4?.62?-203-63x-203-44-203.73?.6-63-670-40-40-300.28x-4-22*
203s-5t-678-63-2-123-63-3-63-63-41-40-300.28x-4.430y-22.380y-203s-60-63-1-63-430y.4-431y-203-562-63-48?-63-71.65.71-41-41-300.28x-4.430-22.380y-203-22-22-63-41-63*
385-40-300.40-300.28x-4.430-22-520fy.63-5t-386.3-13-8-405-670-53.9-2.10?.9-2.9-739-27-739-6-90-4.430-22.380y-305.47.74f-4.8-48-7-1-191.48-520fy.44-520fy.44-7-380.44-721-415-74-526y-1-5*
204s-1-5-204s-9-5-204s-5-205s-5-205s-1-49-5-205s?-700-700-5-1-670-2-670-2-200.2-431y-2-200.22-206s-1-206.76?-48-4.430y-22.380y-300y?.44-300y?.44-300.44?-300.53-200.53-17-53-17-4.430*
22.460-739-300-739-300y-300.4.64?-430y-300.1-430-8-300.1.76-49f-200.1-206-4.431-22.380y-200.450-280.450-770b-450-730-450-730-450-407-450-608-450-680-40-40-300.28x-4.430-22.380y-204.77-711?-711-700*
1?-53-22-22-76-22-22-92-50.6-670-92-50.6-670-92-50.6-670-2-670-2-670-2-27x?-27x?-420y.5-200?.48-608-205-19?-205-697-407-522fy-2-10.7-4.431-22.380y-204s-664-91-8-9*
91-8-1?-?-53-?-4.430-22.380y-93-69.70-4.65.4-6-206s-206s-4.430-22.380y-200-400.5-255-279-10.430y-10.9-4.430-22.380y-226-22f-670-700-381-79-4.670-22.380y-11.208-470.76-739*
22f-770-60-400?-225?-380.41-45-381-770-770-92?-?-?-256?-386-700-700-380.739-141-380.739-9-380.17-4.670-22.430y-1.9-755-50.10-5-37?-45?-1-561-700-280-1?-7*
22-2-34V?-2-1-2-34-306.3-70-521s-306.3-70-63?-22f-63?-1-694-56-34-700-204s-5-22f-68-73?.6.3-5-79.10?-79.10?-300.58-48?-?-?-1?.6-379y?-25-6-?-254?-9-4.64-50-1?-5.37*
2.3-254-522f-22f-1.71-77-27.711-294s-2.71-211s-91-71-6-47.10f.201s-380.1-739.400-400.4-700-4-700-380.1-22f.71-343-44t-697-380.1-600.591.6-400.591-380.1*
204s-2-1-7-326-380.1-70-40.211x?.3-290.95-62?.4?-9-62.6-1-6-1?-6.3-670.711-91.711-380.1-7-67.10f-67.10t.490-1t-670-580-380.1-245.22f-4.4-380.1-22f.71-63.1?-380.1-2-760-50-2-760-50-2*
380.1-88-1-47-1.61?-380.1-280-1-280-2-1-380.1-1f-57-1-1f-163-200-1.62-522fy-380.1-607-607-650y-380.1-200.70.3-380.1-376s-1-1V-380.1-405s-522f-405s-22f-10.700-10.53-430-430-407-405-407*
22?-205-308.1-205s-2-1-7-292-1t.63-380.1-88-47.10-1.61-380.1-207-40h-73.6-53-380.1-28.200-19-380.1-172-631-9:8-380.1-91-774-581.11-380.1-680-684-224-7-400-206s-80*
20-20-4.3-56-7-67.10f-244s-27.6-77.34-4-522fy-700-600-59f-324-4.4-4.4-30a-4-55.10-244.77-730.1-2.34-2-1-2.34-515-40-670-2.108a?-1?.62-200.22-10.110-400.65-13-400.65-53-6.1-6.1*
566s-74-35-70-35-400-35-71.65.71-35-10.67-35-276.76?-188-31-509-62?.4?-9-92-1-92-9-92-5-92-5-92-1-739-244.3-44?.9-92-22-92-90f-92-386.74-755-298-20-79.10-79.10-1-1*
200.7-73.6-1.6-11-73.6-700-22-22-305.53-22f.10-22-22-755-99-755-1-46-73.6-522f-50-22f-55b-590.1-755-459-379-6.77-202s-739.6-20-2-68.10-77.254-55b-95-326-19-57-19-107-19*