Hr1,200?-9?-755a-50.10-5-2g?-1a-207a.69h-700-280-1a?-7-260a.1a-280-1a?-65a-1a-304.3a-60a.3a-306.3a-84a-4-280-200.48-254-755.3a-734a.3a-306-3a-1a-9:5k-6.74af-256c-4.64a-2-306-6.74a-44ax?-?-64?-356-5j-246.9-244-9a-244-84a-204.74f-381-700-123-4*
Hr2,5j.52-600-123-4-123-630c-66y-4-66b-6.4-66-22dfy.344-2a-1a.63-70-202-21t-382y-382-2Vaxy-70-202a-202a-21t-50.42.50-2a-430c-65-1-631b-65-1-630c-720V.244-381-2a-631-99-721b-22-1a.62-309-592.79y-6.74f-300.77-22f-320.77-1a-301-300.52h-670-65-200-600-700-671a-20-84a.3a-200.1-260-1?*
Hr3,62y.1.3a-70-60a-220.5j-256b.711t-69b-200.55a-670-55a-673-781-140a-4a.4ay.206-558a-65.3a-200.4-22dfy-607a-62y.6-1-62y.6-1-62y.6-1?-20g.64b-201.3a-4.600-4-6:42.3a-50.3a-93.3a-27.3a-86.3a-60.3a-93.3a-254c.3a-93j.3a-205iy-72a-450.52-551a.3a-600.3a-430c-381-72-450.52-551b.3a-600.3a-385.3a-670-99-7*
Hr4,605s-752a-65.74f-755a-260:1a-260-591-5j-1a-755a-451f-791-141f.3ax-27V-10y.20y-73af-63bf-2-78bf-20bfy.3a-204.109a-27.109-37.5-37.9tx-43:8t?-600-121-614-600a-600.711-20cfy.246-50.711-606-1t.6-1.6.109a-50-755a-1.63-13.6-65-720V-65-26-700-200.70a-57b-40-600-200.15a-65V.10-42-700.9-260s.8-304.3a-69.65x-30b-60a*
Hr5,60a.55a-588a-60a-1.69-60a.69-162-200.200.200.52x-200.81-200.1-4.64a-44ax-4-49f-4-44ax-4.64a-202-280-8:200-548-631bf-208-200.5j-21h:5-2e-41-220.9h-220.9jh-440-440-440a-20t.440-205s-205s?-4?.3a?-4?.3a?-72a?-51?.3a?-66a?.90Vj-66a.3ax-66a.48f-66a-1-66-100-66y.9.549-66y.6.549-554-15a-22bfy-551c-141h:59x-15b-22cf-551d-110y-15b-22cf*
Hr6,551d-200-15-22cf-8-451-15-22cf-5:82bx-15-22cf-8.6-15-22cf?-8-4?-64?-15?-22cf?-5?-????????-36?-200?-4?-4?-4-7-21d-60a-93-70-520-381-8-1.8-739-65ax.306s-431d-200a-276-11-385-95j:59fx-385-28x-381-300-300.27.3ax-324.76t-700-163Vy.386-270-67-470b-4.64a-87a-430y-214s-2-203s-27-90j-545*
Hr7,74-376-500-440-280-2-40-50-216s-1a-366.76t-200.200-91-320?-?????????-661?-530y.9-203-45ft-530-40.522-571-202y-535.71h-560-73af.82b-65ax.200-739-200-381.72-306.3a-28-27.95-305-45.52x-22bf.343-5kt-99-11-7-4-600-522y-606s-609-605.11-11.95j.3a-401s.9kh-605.41f*
Hr8,2d-144f-2a-662-680-5j.10?-5k.52-22bf.243-1t-4.52x-381-22bf.346-50a-77-214.90j-16-70-607s:62h-607-522y-2a-53a-10y.7-22bf.246-420ay-50.10-9b-2a-760a-50h-21-21b-760a-5k-50h-21-5j.10-???????????????-4?-305?.711a-300-5-591j-4-2a-600-660o-600-600-660-22bf.240?*
Hr9,322-607.7-624-1.10-1.10-7-93j-?????????????????????-1a?.600-700:42-624.76t-301s-4-534b-591-385-50-600-430.76-430.76-76:63-4.64a-670-700-470-21ft-254c-205.20cy-209c-53a-2a-755a-47-200-372-20a.6y-214a-1-400y.755a.6-770d-??*
Hr10,70-61y.1.61-386-70-91k-91k-386-65.25ay-594-206-22-10.1-1-99-10.1-50-1.10-22-700-21e-1-491-522y-22-700-21e-1-636-522y-605.32a?-780-605.32a-53ay-4.600-290.7-605.32a-???????????????????????????????-73f?-20y-700f-20y-700f-1-700f-90fj-700f-20gy-700*
Hr11,700.62-700f-755a-50-50?-??????????????????????????????????-11?-700:42t.3a-600-205-773c-90j-136-591-91f?-455a:64t-2a-91k-44ax-773d-430c-430-605.4-7-3x-34a-220.11-91-5j-5j.62.144f-5j.62-200-200-76-755-90-200?-????*
Hr12,9?.61?-9?.61?-724?-734?.3a-734.3a-382-684a-382-48f-684b-7-600-326-305.9-308-8?-??????*
Hv1,70-7-2d-92?-301?-?????????????????????????????????-27?-?-11?-78y?.308?-34?-2-2-380.20by-385y-215.1-381-65-??-302y.48-200-600-600-27-700-11-78y.308-34?-606s-44ax-57-34?*
Hv2,600-280-600-34d-256c-6.549-308-34d-216s-93-446bfs-600-34d-212.65-322-44ax-69b.55a-382-421a-93-87.62-205.700.61-739-40-140-316bs-301-4.64a-4.64a-209d-81-50-710x.52.240.69h-34d-27.280by-81-50-65?.60a?-?-?-?-734a-67.10-260-67.10-67.10h.107-8-421b*
Hv3,300-260-280-270a-466a-466b-340a-67-260-305s-81-420y.52-2.10-10y.450.10-144af-591-670-81-773b.69.344a-48f.62-44ax-451a-204.346a-736a.93-254c-200.202s-522y-254-301-15-301s-200.1-200.63-346-215s-1.52-421y-20b.10-21e.10-144f-591-451f-700x-8-69b.48f-73f-73f*
Hv4,200.730a-736b-600.209c-600-200.560-200.560.1-600.532a.70-600.621.70-205-316cs-81-420y-20b.10-2.62-144f-591-48bf-700cx-81-589-31c-571-385-216.730-209dy-200.451-84a-34d-700-204y-755a-381fy-755a-381ay-755a-55a.74f-205-376a-81-430y-2.10-2.10-144f-26x-6-702x-81-670b-589-73f-73af*
Hv5,69c.450ty-200.736b-204-385-600.755a-1.607-600-440f?-737.1-90j-230j.81-2a.10-2a.63-2-724b-739-200.48f.10-191a.48f-400y-72-2-3a?-72-2-430d-72-2-200-46-4-46-4.52-46-4-200.50a-1a-200.50a-1.240.50a-22bf-200.50a-22bf-253ay-4-46.711V-540V-46.711V-381y.549t-205s.549t-81-482-2.10-2.10-144f-9c-90fk-702x-8-110?*
Hv6,45f-69.385y-200.730-280-209b-280-144f-200.63-2-9-65-86a.78fx-200.1f-200.1f-77b-344b.78x-78by-384.78x.78x-10y.1-700.61-700.10-8-22.52-2a.10-2a.10-144f-700x-670-81-69b-48af-20.52-675b-4.64a-4.64a-1.6-200.53a-200.53a-200.53a-17-365as-60a-450-209c-30cx-290-254j-46-700-5j-4.64a-737.52x?-464-385-242a*
Hv7,2a-9-77b-570a-55b-45-280-604s.75-25af-280-604.75-5j-280-605s.9.549t-466c.48-44a.99.490x-48.207o-48a-50-504.3a-144f-20.3a-200-6x.3a-180f-309a-6.3a-360a.50-360.244.711-226.41-95dj-1-290-254-450b-450b.600-461b-74-209-537.280-3x-254-10y.1.244-48a-1-370a.93h-2-1.244-4-279?.74-279?.290*
Hv8,79-1.600-2a.10-254-79-1.600-93f-2a.10-256-4-4-79-1.600-379.61h-20b.10-??-1a-450-126-450-2a-300-67-700f-700f-84-1-84-306s-294a.74-256a-600-280-6-683-6-27-6-27-330.330.2a-230.450-230-381y-30a-235a-10.700.61a-61y.50-61y.380a-61tx.62y.1-34d-335-290-254-200.93-600*
Hv9,290-280-93-608-22-50-430b-22-608-430c-22-200.60x-235y-120-120y-5j-11.10-70-66-600-670-11.10-790af-1-790af-1-40a-48a-5j-11.10-22bfy-22bfy-11.10-301-48a-17-48a-19-11.10-381y?-381-309-54a-381-68ay-381-600-11.10-48a-21af-11.10-230y-324.711:711t-34d-46-7-1a-600-205y.571-84a-200.571-84a-730.69h-84a-200.?*
Hv10,1?-65-73f-90f-5j-571.10-2a.69-739-22bfy-22bfy-22bfy-600-72b-2a-2a-505-500-116b-400-116a-400a-200.44ax-67-375a-41-41-40-40-630c.76-117a-430b-25af-22-45a-22-2a-22-50a-7-144f-733a-384.74f-224-600.78x-381y-381.78x-729-381-7-200.77c-5j-117cy-559-117c-739-117cy.61-522y-117cy.61-132.74af-207-117c?-22bfy-117c-29-27-29.61-22bf*
Hv11,??-22bf-54b-215js-260.1-204s-290a-260.1d-98-7-360.1d-7-600-7-40-700-93-22-93-81-68ay-30dx.68ay-35c:43t-68ay-144f-68b-59:5-10.67-10.67-62y.67-22bf-22bf-607o-607-1-605as-605as-73.64a-48f:42-11b:42-41.74bf-40.62-40-700.9-602-74y-774-4.90ft-430d-260.36-204.74af-470-50bt-50.61-3x?*
Hv12,4.64a-50-700-64.74f-4.64a-5j-670-4.64a-670-4.64a-578.28-760?-2-760-5j-20-3a?-20?-3a?-17-73.64a-17.9-670-53ay-208.1-1.3a-7-67-22bfy-4?-254.71d-27-77-34?-4-522y-700-600-59f-220.4.64a-220.132-144f-4-95dfj-450-33dx-204s-64.90j-2a?-22bfy-68?-22bfy?-??*